Files,Time(seconds),Algorithm
10,1.8863817499950528,Baseline
10,1.8300693329947535,Baseline
10,1.812757874999079,Baseline
10,1.8169783339981223,Baseline
10,1.8453115410084138,Baseline
10,1.2124990462325513e-05,Greedy
10,1.291991793550551e-06,Greedy
10,8.750066626816988e-07,Greedy
10,7.500057108700275e-07,Greedy
10,6.659975042566657e-07,Greedy
50,4.083005478605628e-06,Greedy
50,2.7080095605924726e-06,Greedy
50,2.2080057533457875e-06,Greedy
50,2.125001628883183e-06,Greedy
50,2.2089952835813165e-06,Greedy
100,2.0040999515913427e-05,Greedy
100,5.207999492995441e-06,Greedy
100,4.62500611320138e-06,Greedy
100,4.583998816087842e-06,Greedy
100,4.5000051613897085e-06,Greedy
500,3.80830024369061e-05,Greedy
500,2.7125002816319466e-05,Greedy
500,2.36249907175079e-05,Greedy
500,2.295900776516646e-05,Greedy
500,2.2540989448316395e-05,Greedy
1000,7.308399653993547e-05,Greedy
1000,0.0001568750012665987,Greedy
1000,0.0001307500060647726,Greedy
1000,9.40830068429932e-05,Greedy
1000,6.237499474082142e-05,Greedy
5000,0.000386583007639274,Greedy
5000,0.00031554199813399464,Greedy
5000,0.0002757909969659522,Greedy
5000,0.0003575830050976947,Greedy
5000,0.00036404198908712715,Greedy
10000,0.0012803330027963966,Greedy
10000,0.0017241660098079592,Greedy
10000,0.0025350409996462986,Greedy
10000,0.0013183749979361892,Greedy
10000,0.0026293749979231507,Greedy
20000,0.00172004199703224,Greedy
20000,0.0019089999987045303,Greedy
20000,0.0016531250003026798,Greedy
20000,0.0020674160041380674,Greedy
20000,0.0019614589982666075,Greedy
30000,0.003493374999379739,Greedy
30000,0.0030797920044278726,Greedy
30000,0.0031133329903241247,Greedy
30000,0.0030761250091018155,Greedy
30000,0.0037082920025568455,Greedy
40000,0.005905332989641465,Greedy
40000,0.004348542002844624,Greedy
40000,0.004367875008028932,Greedy
40000,0.004082790997927077,Greedy
40000,0.004282459005480632,Greedy
50000,0.005581208009971306,Greedy
50000,0.004913875003694557,Greedy
50000,0.005479250001371838,Greedy
50000,0.005259334007860161,Greedy
50000,0.005172583012608811,Greedy
